<?xml version="1.0" encoding="UTF-8"?>
<root>
  <item name="com.mapbox.mapboxsdk.style.layers.Property.ANCHOR">
    <annotation name="androidx.annotation.StringDef">
      <val name="value" val="{com.mapbox.mapboxsdk.style.layers.Property.ANCHOR_MAP, com.mapbox.mapboxsdk.style.layers.Property.ANCHOR_VIEWPORT}" />
    </annotation>
  </item>
  <item name="com.mapbox.mapboxsdk.style.layers.Property.CIRCLE_PITCH_ALIGNMENT">
    <annotation name="androidx.annotation.StringDef">
      <val name="value" val="{com.mapbox.mapboxsdk.style.layers.Property.CIRCLE_PITCH_ALIGNMENT_MAP, com.mapbox.mapboxsdk.style.layers.Property.CIRCLE_PITCH_ALIGNMENT_VIEWPORT}" />
    </annotation>
  </item>
  <item name="com.mapbox.mapboxsdk.style.layers.Property.CIRCLE_PITCH_SCALE">
    <annotation name="androidx.annotation.StringDef">
      <val name="value" val="{com.mapbox.mapboxsdk.style.layers.Property.CIRCLE_PITCH_SCALE_MAP, com.mapbox.mapboxsdk.style.layers.Property.CIRCLE_PITCH_SCALE_VIEWPORT}" />
    </annotation>
  </item>
  <item name="com.mapbox.mapboxsdk.style.layers.Property.CIRCLE_TRANSLATE_ANCHOR">
    <annotation name="androidx.annotation.StringDef">
      <val name="value" val="{com.mapbox.mapboxsdk.style.layers.Property.CIRCLE_TRANSLATE_ANCHOR_MAP, com.mapbox.mapboxsdk.style.layers.Property.CIRCLE_TRANSLATE_ANCHOR_VIEWPORT}" />
    </annotation>
  </item>
  <item name="com.mapbox.mapboxsdk.style.layers.Property.FILL_EXTRUSION_TRANSLATE_ANCHOR">
    <annotation name="androidx.annotation.StringDef">
      <val name="value" val="{com.mapbox.mapboxsdk.style.layers.Property.FILL_EXTRUSION_TRANSLATE_ANCHOR_MAP, com.mapbox.mapboxsdk.style.layers.Property.FILL_EXTRUSION_TRANSLATE_ANCHOR_VIEWPORT}" />
    </annotation>
  </item>
  <item name="com.mapbox.mapboxsdk.style.layers.Property.FILL_TRANSLATE_ANCHOR">
    <annotation name="androidx.annotation.StringDef">
      <val name="value" val="{com.mapbox.mapboxsdk.style.layers.Property.FILL_TRANSLATE_ANCHOR_MAP, com.mapbox.mapboxsdk.style.layers.Property.FILL_TRANSLATE_ANCHOR_VIEWPORT}" />
    </annotation>
  </item>
  <item name="com.mapbox.mapboxsdk.style.layers.Property.HILLSHADE_ILLUMINATION_ANCHOR">
    <annotation name="androidx.annotation.StringDef">
      <val name="value" val="{com.mapbox.mapboxsdk.style.layers.Property.HILLSHADE_ILLUMINATION_ANCHOR_MAP, com.mapbox.mapboxsdk.style.layers.Property.HILLSHADE_ILLUMINATION_ANCHOR_VIEWPORT}" />
    </annotation>
  </item>
  <item name="com.mapbox.mapboxsdk.style.layers.Property.ICON_ANCHOR">
    <annotation name="androidx.annotation.StringDef">
      <val name="value" val="{com.mapbox.mapboxsdk.style.layers.Property.ICON_ANCHOR_CENTER, com.mapbox.mapboxsdk.style.layers.Property.ICON_ANCHOR_LEFT, com.mapbox.mapboxsdk.style.layers.Property.ICON_ANCHOR_RIGHT, com.mapbox.mapboxsdk.style.layers.Property.ICON_ANCHOR_TOP, com.mapbox.mapboxsdk.style.layers.Property.ICON_ANCHOR_BOTTOM, com.mapbox.mapboxsdk.style.layers.Property.ICON_ANCHOR_TOP_LEFT, com.mapbox.mapboxsdk.style.layers.Property.ICON_ANCHOR_TOP_RIGHT, com.mapbox.mapboxsdk.style.layers.Property.ICON_ANCHOR_BOTTOM_LEFT, com.mapbox.mapboxsdk.style.layers.Property.ICON_ANCHOR_BOTTOM_RIGHT}" />
    </annotation>
  </item>
  <item name="com.mapbox.mapboxsdk.style.layers.Property.ICON_PITCH_ALIGNMENT">
    <annotation name="androidx.annotation.StringDef">
      <val name="value" val="{com.mapbox.mapboxsdk.style.layers.Property.ICON_PITCH_ALIGNMENT_MAP, com.mapbox.mapboxsdk.style.layers.Property.ICON_PITCH_ALIGNMENT_VIEWPORT, com.mapbox.mapboxsdk.style.layers.Property.ICON_PITCH_ALIGNMENT_AUTO}" />
    </annotation>
  </item>
  <item name="com.mapbox.mapboxsdk.style.layers.Property.ICON_ROTATION_ALIGNMENT">
    <annotation name="androidx.annotation.StringDef">
      <val name="value" val="{com.mapbox.mapboxsdk.style.layers.Property.ICON_ROTATION_ALIGNMENT_MAP, com.mapbox.mapboxsdk.style.layers.Property.ICON_ROTATION_ALIGNMENT_VIEWPORT, com.mapbox.mapboxsdk.style.layers.Property.ICON_ROTATION_ALIGNMENT_AUTO}" />
    </annotation>
  </item>
  <item name="com.mapbox.mapboxsdk.style.layers.Property.ICON_TEXT_FIT">
    <annotation name="androidx.annotation.StringDef">
      <val name="value" val="{com.mapbox.mapboxsdk.style.layers.Property.ICON_TEXT_FIT_NONE, com.mapbox.mapboxsdk.style.layers.Property.ICON_TEXT_FIT_WIDTH, com.mapbox.mapboxsdk.style.layers.Property.ICON_TEXT_FIT_HEIGHT, com.mapbox.mapboxsdk.style.layers.Property.ICON_TEXT_FIT_BOTH}" />
    </annotation>
  </item>
  <item name="com.mapbox.mapboxsdk.style.layers.Property.ICON_TRANSLATE_ANCHOR">
    <annotation name="androidx.annotation.StringDef">
      <val name="value" val="{com.mapbox.mapboxsdk.style.layers.Property.ICON_TRANSLATE_ANCHOR_MAP, com.mapbox.mapboxsdk.style.layers.Property.ICON_TRANSLATE_ANCHOR_VIEWPORT}" />
    </annotation>
  </item>
  <item name="com.mapbox.mapboxsdk.style.layers.Property.LINE_CAP">
    <annotation name="androidx.annotation.StringDef">
      <val name="value" val="{com.mapbox.mapboxsdk.style.layers.Property.LINE_CAP_BUTT, com.mapbox.mapboxsdk.style.layers.Property.LINE_CAP_ROUND, com.mapbox.mapboxsdk.style.layers.Property.LINE_CAP_SQUARE}" />
    </annotation>
  </item>
  <item name="com.mapbox.mapboxsdk.style.layers.Property.LINE_JOIN">
    <annotation name="androidx.annotation.StringDef">
      <val name="value" val="{com.mapbox.mapboxsdk.style.layers.Property.LINE_JOIN_BEVEL, com.mapbox.mapboxsdk.style.layers.Property.LINE_JOIN_ROUND, com.mapbox.mapboxsdk.style.layers.Property.LINE_JOIN_MITER}" />
    </annotation>
  </item>
  <item name="com.mapbox.mapboxsdk.style.layers.Property.LINE_TRANSLATE_ANCHOR">
    <annotation name="androidx.annotation.StringDef">
      <val name="value" val="{com.mapbox.mapboxsdk.style.layers.Property.LINE_TRANSLATE_ANCHOR_MAP, com.mapbox.mapboxsdk.style.layers.Property.LINE_TRANSLATE_ANCHOR_VIEWPORT}" />
    </annotation>
  </item>
  <item name="com.mapbox.mapboxsdk.style.layers.Property.RASTER_RESAMPLING">
    <annotation name="androidx.annotation.StringDef">
      <val name="value" val="{com.mapbox.mapboxsdk.style.layers.Property.RASTER_RESAMPLING_LINEAR, com.mapbox.mapboxsdk.style.layers.Property.RASTER_RESAMPLING_NEAREST}" />
    </annotation>
  </item>
  <item name="com.mapbox.mapboxsdk.style.layers.Property.SYMBOL_PLACEMENT">
    <annotation name="androidx.annotation.StringDef">
      <val name="value" val="{com.mapbox.mapboxsdk.style.layers.Property.SYMBOL_PLACEMENT_POINT, com.mapbox.mapboxsdk.style.layers.Property.SYMBOL_PLACEMENT_LINE, com.mapbox.mapboxsdk.style.layers.Property.SYMBOL_PLACEMENT_LINE_CENTER}" />
    </annotation>
  </item>
  <item name="com.mapbox.mapboxsdk.style.layers.Property.SYMBOL_Z_ORDER">
    <annotation name="androidx.annotation.StringDef">
      <val name="value" val="{com.mapbox.mapboxsdk.style.layers.Property.SYMBOL_Z_ORDER_AUTO, com.mapbox.mapboxsdk.style.layers.Property.SYMBOL_Z_ORDER_VIEWPORT_Y, com.mapbox.mapboxsdk.style.layers.Property.SYMBOL_Z_ORDER_SOURCE}" />
    </annotation>
  </item>
  <item name="com.mapbox.mapboxsdk.style.layers.Property.TEXT_ANCHOR">
    <annotation name="androidx.annotation.StringDef">
      <val name="value" val="{com.mapbox.mapboxsdk.style.layers.Property.TEXT_ANCHOR_CENTER, com.mapbox.mapboxsdk.style.layers.Property.TEXT_ANCHOR_LEFT, com.mapbox.mapboxsdk.style.layers.Property.TEXT_ANCHOR_RIGHT, com.mapbox.mapboxsdk.style.layers.Property.TEXT_ANCHOR_TOP, com.mapbox.mapboxsdk.style.layers.Property.TEXT_ANCHOR_BOTTOM, com.mapbox.mapboxsdk.style.layers.Property.TEXT_ANCHOR_TOP_LEFT, com.mapbox.mapboxsdk.style.layers.Property.TEXT_ANCHOR_TOP_RIGHT, com.mapbox.mapboxsdk.style.layers.Property.TEXT_ANCHOR_BOTTOM_LEFT, com.mapbox.mapboxsdk.style.layers.Property.TEXT_ANCHOR_BOTTOM_RIGHT}" />
    </annotation>
  </item>
  <item name="com.mapbox.mapboxsdk.style.layers.Property.TEXT_JUSTIFY">
    <annotation name="androidx.annotation.StringDef">
      <val name="value" val="{com.mapbox.mapboxsdk.style.layers.Property.TEXT_JUSTIFY_AUTO, com.mapbox.mapboxsdk.style.layers.Property.TEXT_JUSTIFY_LEFT, com.mapbox.mapboxsdk.style.layers.Property.TEXT_JUSTIFY_CENTER, com.mapbox.mapboxsdk.style.layers.Property.TEXT_JUSTIFY_RIGHT}" />
    </annotation>
  </item>
  <item name="com.mapbox.mapboxsdk.style.layers.Property.TEXT_PITCH_ALIGNMENT">
    <annotation name="androidx.annotation.StringDef">
      <val name="value" val="{com.mapbox.mapboxsdk.style.layers.Property.TEXT_PITCH_ALIGNMENT_MAP, com.mapbox.mapboxsdk.style.layers.Property.TEXT_PITCH_ALIGNMENT_VIEWPORT, com.mapbox.mapboxsdk.style.layers.Property.TEXT_PITCH_ALIGNMENT_AUTO}" />
    </annotation>
  </item>
  <item name="com.mapbox.mapboxsdk.style.layers.Property.TEXT_ROTATION_ALIGNMENT">
    <annotation name="androidx.annotation.StringDef">
      <val name="value" val="{com.mapbox.mapboxsdk.style.layers.Property.TEXT_ROTATION_ALIGNMENT_MAP, com.mapbox.mapboxsdk.style.layers.Property.TEXT_ROTATION_ALIGNMENT_VIEWPORT, com.mapbox.mapboxsdk.style.layers.Property.TEXT_ROTATION_ALIGNMENT_AUTO}" />
    </annotation>
  </item>
  <item name="com.mapbox.mapboxsdk.style.layers.Property.TEXT_TRANSFORM">
    <annotation name="androidx.annotation.StringDef">
      <val name="value" val="{com.mapbox.mapboxsdk.style.layers.Property.TEXT_TRANSFORM_NONE, com.mapbox.mapboxsdk.style.layers.Property.TEXT_TRANSFORM_UPPERCASE, com.mapbox.mapboxsdk.style.layers.Property.TEXT_TRANSFORM_LOWERCASE}" />
    </annotation>
  </item>
  <item name="com.mapbox.mapboxsdk.style.layers.Property.TEXT_TRANSLATE_ANCHOR">
    <annotation name="androidx.annotation.StringDef">
      <val name="value" val="{com.mapbox.mapboxsdk.style.layers.Property.TEXT_TRANSLATE_ANCHOR_MAP, com.mapbox.mapboxsdk.style.layers.Property.TEXT_TRANSLATE_ANCHOR_VIEWPORT}" />
    </annotation>
  </item>
  <item name="com.mapbox.mapboxsdk.style.layers.Property.TEXT_WRITING_MODE">
    <annotation name="androidx.annotation.StringDef">
      <val name="value" val="{com.mapbox.mapboxsdk.style.layers.Property.TEXT_WRITING_MODE_HORIZONTAL, com.mapbox.mapboxsdk.style.layers.Property.TEXT_WRITING_MODE_VERTICAL}" />
    </annotation>
  </item>
  <item name="com.mapbox.mapboxsdk.style.layers.Property.VISIBILITY">
    <annotation name="androidx.annotation.StringDef">
      <val name="value" val="{com.mapbox.mapboxsdk.style.layers.Property.VISIBLE, com.mapbox.mapboxsdk.style.layers.Property.NONE}" />
    </annotation>
  </item>
  <item name="com.mapbox.mapboxsdk.style.layers.PropertyFactory com.mapbox.mapboxsdk.style.layers.PropertyValue&lt;java.lang.String&gt; circlePitchAlignment(java.lang.String) 0">
    <annotation name="androidx.annotation.StringDef">
      <val name="value" val="{com.mapbox.mapboxsdk.style.layers.Property.CIRCLE_PITCH_ALIGNMENT_MAP, com.mapbox.mapboxsdk.style.layers.Property.CIRCLE_PITCH_ALIGNMENT_VIEWPORT}" />
    </annotation>
  </item>
  <item name="com.mapbox.mapboxsdk.style.layers.PropertyFactory com.mapbox.mapboxsdk.style.layers.PropertyValue&lt;java.lang.String&gt; circlePitchScale(java.lang.String) 0">
    <annotation name="androidx.annotation.StringDef">
      <val name="value" val="{com.mapbox.mapboxsdk.style.layers.Property.CIRCLE_PITCH_SCALE_MAP, com.mapbox.mapboxsdk.style.layers.Property.CIRCLE_PITCH_SCALE_VIEWPORT}" />
    </annotation>
  </item>
  <item name="com.mapbox.mapboxsdk.style.layers.PropertyFactory com.mapbox.mapboxsdk.style.layers.PropertyValue&lt;java.lang.String&gt; circleTranslateAnchor(java.lang.String) 0">
    <annotation name="androidx.annotation.StringDef">
      <val name="value" val="{com.mapbox.mapboxsdk.style.layers.Property.CIRCLE_TRANSLATE_ANCHOR_MAP, com.mapbox.mapboxsdk.style.layers.Property.CIRCLE_TRANSLATE_ANCHOR_VIEWPORT}" />
    </annotation>
  </item>
  <item name="com.mapbox.mapboxsdk.style.layers.PropertyFactory com.mapbox.mapboxsdk.style.layers.PropertyValue&lt;java.lang.String&gt; fillExtrusionTranslateAnchor(java.lang.String) 0">
    <annotation name="androidx.annotation.StringDef">
      <val name="value" val="{com.mapbox.mapboxsdk.style.layers.Property.FILL_EXTRUSION_TRANSLATE_ANCHOR_MAP, com.mapbox.mapboxsdk.style.layers.Property.FILL_EXTRUSION_TRANSLATE_ANCHOR_VIEWPORT}" />
    </annotation>
  </item>
  <item name="com.mapbox.mapboxsdk.style.layers.PropertyFactory com.mapbox.mapboxsdk.style.layers.PropertyValue&lt;java.lang.String&gt; fillTranslateAnchor(java.lang.String) 0">
    <annotation name="androidx.annotation.StringDef">
      <val name="value" val="{com.mapbox.mapboxsdk.style.layers.Property.FILL_TRANSLATE_ANCHOR_MAP, com.mapbox.mapboxsdk.style.layers.Property.FILL_TRANSLATE_ANCHOR_VIEWPORT}" />
    </annotation>
  </item>
  <item name="com.mapbox.mapboxsdk.style.layers.PropertyFactory com.mapbox.mapboxsdk.style.layers.PropertyValue&lt;java.lang.String&gt; hillshadeIlluminationAnchor(java.lang.String) 0">
    <annotation name="androidx.annotation.StringDef">
      <val name="value" val="{com.mapbox.mapboxsdk.style.layers.Property.HILLSHADE_ILLUMINATION_ANCHOR_MAP, com.mapbox.mapboxsdk.style.layers.Property.HILLSHADE_ILLUMINATION_ANCHOR_VIEWPORT}" />
    </annotation>
  </item>
  <item name="com.mapbox.mapboxsdk.style.layers.PropertyFactory com.mapbox.mapboxsdk.style.layers.PropertyValue&lt;java.lang.String&gt; iconAnchor(java.lang.String) 0">
    <annotation name="androidx.annotation.StringDef">
      <val name="value" val="{com.mapbox.mapboxsdk.style.layers.Property.ICON_ANCHOR_CENTER, com.mapbox.mapboxsdk.style.layers.Property.ICON_ANCHOR_LEFT, com.mapbox.mapboxsdk.style.layers.Property.ICON_ANCHOR_RIGHT, com.mapbox.mapboxsdk.style.layers.Property.ICON_ANCHOR_TOP, com.mapbox.mapboxsdk.style.layers.Property.ICON_ANCHOR_BOTTOM, com.mapbox.mapboxsdk.style.layers.Property.ICON_ANCHOR_TOP_LEFT, com.mapbox.mapboxsdk.style.layers.Property.ICON_ANCHOR_TOP_RIGHT, com.mapbox.mapboxsdk.style.layers.Property.ICON_ANCHOR_BOTTOM_LEFT, com.mapbox.mapboxsdk.style.layers.Property.ICON_ANCHOR_BOTTOM_RIGHT}" />
    </annotation>
  </item>
  <item name="com.mapbox.mapboxsdk.style.layers.PropertyFactory com.mapbox.mapboxsdk.style.layers.PropertyValue&lt;java.lang.String&gt; iconPitchAlignment(java.lang.String) 0">
    <annotation name="androidx.annotation.StringDef">
      <val name="value" val="{com.mapbox.mapboxsdk.style.layers.Property.ICON_PITCH_ALIGNMENT_MAP, com.mapbox.mapboxsdk.style.layers.Property.ICON_PITCH_ALIGNMENT_VIEWPORT, com.mapbox.mapboxsdk.style.layers.Property.ICON_PITCH_ALIGNMENT_AUTO}" />
    </annotation>
  </item>
  <item name="com.mapbox.mapboxsdk.style.layers.PropertyFactory com.mapbox.mapboxsdk.style.layers.PropertyValue&lt;java.lang.String&gt; iconRotationAlignment(java.lang.String) 0">
    <annotation name="androidx.annotation.StringDef">
      <val name="value" val="{com.mapbox.mapboxsdk.style.layers.Property.ICON_ROTATION_ALIGNMENT_MAP, com.mapbox.mapboxsdk.style.layers.Property.ICON_ROTATION_ALIGNMENT_VIEWPORT, com.mapbox.mapboxsdk.style.layers.Property.ICON_ROTATION_ALIGNMENT_AUTO}" />
    </annotation>
  </item>
  <item name="com.mapbox.mapboxsdk.style.layers.PropertyFactory com.mapbox.mapboxsdk.style.layers.PropertyValue&lt;java.lang.String&gt; iconTextFit(java.lang.String) 0">
    <annotation name="androidx.annotation.StringDef">
      <val name="value" val="{com.mapbox.mapboxsdk.style.layers.Property.ICON_TEXT_FIT_NONE, com.mapbox.mapboxsdk.style.layers.Property.ICON_TEXT_FIT_WIDTH, com.mapbox.mapboxsdk.style.layers.Property.ICON_TEXT_FIT_HEIGHT, com.mapbox.mapboxsdk.style.layers.Property.ICON_TEXT_FIT_BOTH}" />
    </annotation>
  </item>
  <item name="com.mapbox.mapboxsdk.style.layers.PropertyFactory com.mapbox.mapboxsdk.style.layers.PropertyValue&lt;java.lang.String&gt; iconTranslateAnchor(java.lang.String) 0">
    <annotation name="androidx.annotation.StringDef">
      <val name="value" val="{com.mapbox.mapboxsdk.style.layers.Property.ICON_TRANSLATE_ANCHOR_MAP, com.mapbox.mapboxsdk.style.layers.Property.ICON_TRANSLATE_ANCHOR_VIEWPORT}" />
    </annotation>
  </item>
  <item name="com.mapbox.mapboxsdk.style.layers.PropertyFactory com.mapbox.mapboxsdk.style.layers.PropertyValue&lt;java.lang.String&gt; lineCap(java.lang.String) 0">
    <annotation name="androidx.annotation.StringDef">
      <val name="value" val="{com.mapbox.mapboxsdk.style.layers.Property.LINE_CAP_BUTT, com.mapbox.mapboxsdk.style.layers.Property.LINE_CAP_ROUND, com.mapbox.mapboxsdk.style.layers.Property.LINE_CAP_SQUARE}" />
    </annotation>
  </item>
  <item name="com.mapbox.mapboxsdk.style.layers.PropertyFactory com.mapbox.mapboxsdk.style.layers.PropertyValue&lt;java.lang.String&gt; lineJoin(java.lang.String) 0">
    <annotation name="androidx.annotation.StringDef">
      <val name="value" val="{com.mapbox.mapboxsdk.style.layers.Property.LINE_JOIN_BEVEL, com.mapbox.mapboxsdk.style.layers.Property.LINE_JOIN_ROUND, com.mapbox.mapboxsdk.style.layers.Property.LINE_JOIN_MITER}" />
    </annotation>
  </item>
  <item name="com.mapbox.mapboxsdk.style.layers.PropertyFactory com.mapbox.mapboxsdk.style.layers.PropertyValue&lt;java.lang.String&gt; lineTranslateAnchor(java.lang.String) 0">
    <annotation name="androidx.annotation.StringDef">
      <val name="value" val="{com.mapbox.mapboxsdk.style.layers.Property.LINE_TRANSLATE_ANCHOR_MAP, com.mapbox.mapboxsdk.style.layers.Property.LINE_TRANSLATE_ANCHOR_VIEWPORT}" />
    </annotation>
  </item>
  <item name="com.mapbox.mapboxsdk.style.layers.PropertyFactory com.mapbox.mapboxsdk.style.layers.PropertyValue&lt;java.lang.String&gt; rasterResampling(java.lang.String) 0">
    <annotation name="androidx.annotation.StringDef">
      <val name="value" val="{com.mapbox.mapboxsdk.style.layers.Property.RASTER_RESAMPLING_LINEAR, com.mapbox.mapboxsdk.style.layers.Property.RASTER_RESAMPLING_NEAREST}" />
    </annotation>
  </item>
  <item name="com.mapbox.mapboxsdk.style.layers.PropertyFactory com.mapbox.mapboxsdk.style.layers.PropertyValue&lt;java.lang.String&gt; symbolPlacement(java.lang.String) 0">
    <annotation name="androidx.annotation.StringDef">
      <val name="value" val="{com.mapbox.mapboxsdk.style.layers.Property.SYMBOL_PLACEMENT_POINT, com.mapbox.mapboxsdk.style.layers.Property.SYMBOL_PLACEMENT_LINE, com.mapbox.mapboxsdk.style.layers.Property.SYMBOL_PLACEMENT_LINE_CENTER}" />
    </annotation>
  </item>
  <item name="com.mapbox.mapboxsdk.style.layers.PropertyFactory com.mapbox.mapboxsdk.style.layers.PropertyValue&lt;java.lang.String&gt; symbolZOrder(java.lang.String) 0">
    <annotation name="androidx.annotation.StringDef">
      <val name="value" val="{com.mapbox.mapboxsdk.style.layers.Property.SYMBOL_Z_ORDER_AUTO, com.mapbox.mapboxsdk.style.layers.Property.SYMBOL_Z_ORDER_VIEWPORT_Y, com.mapbox.mapboxsdk.style.layers.Property.SYMBOL_Z_ORDER_SOURCE}" />
    </annotation>
  </item>
  <item name="com.mapbox.mapboxsdk.style.layers.PropertyFactory com.mapbox.mapboxsdk.style.layers.PropertyValue&lt;java.lang.String&gt; textAnchor(java.lang.String) 0">
    <annotation name="androidx.annotation.StringDef">
      <val name="value" val="{com.mapbox.mapboxsdk.style.layers.Property.TEXT_ANCHOR_CENTER, com.mapbox.mapboxsdk.style.layers.Property.TEXT_ANCHOR_LEFT, com.mapbox.mapboxsdk.style.layers.Property.TEXT_ANCHOR_RIGHT, com.mapbox.mapboxsdk.style.layers.Property.TEXT_ANCHOR_TOP, com.mapbox.mapboxsdk.style.layers.Property.TEXT_ANCHOR_BOTTOM, com.mapbox.mapboxsdk.style.layers.Property.TEXT_ANCHOR_TOP_LEFT, com.mapbox.mapboxsdk.style.layers.Property.TEXT_ANCHOR_TOP_RIGHT, com.mapbox.mapboxsdk.style.layers.Property.TEXT_ANCHOR_BOTTOM_LEFT, com.mapbox.mapboxsdk.style.layers.Property.TEXT_ANCHOR_BOTTOM_RIGHT}" />
    </annotation>
  </item>
  <item name="com.mapbox.mapboxsdk.style.layers.PropertyFactory com.mapbox.mapboxsdk.style.layers.PropertyValue&lt;java.lang.String&gt; textJustify(java.lang.String) 0">
    <annotation name="androidx.annotation.StringDef">
      <val name="value" val="{com.mapbox.mapboxsdk.style.layers.Property.TEXT_JUSTIFY_AUTO, com.mapbox.mapboxsdk.style.layers.Property.TEXT_JUSTIFY_LEFT, com.mapbox.mapboxsdk.style.layers.Property.TEXT_JUSTIFY_CENTER, com.mapbox.mapboxsdk.style.layers.Property.TEXT_JUSTIFY_RIGHT}" />
    </annotation>
  </item>
  <item name="com.mapbox.mapboxsdk.style.layers.PropertyFactory com.mapbox.mapboxsdk.style.layers.PropertyValue&lt;java.lang.String&gt; textPitchAlignment(java.lang.String) 0">
    <annotation name="androidx.annotation.StringDef">
      <val name="value" val="{com.mapbox.mapboxsdk.style.layers.Property.TEXT_PITCH_ALIGNMENT_MAP, com.mapbox.mapboxsdk.style.layers.Property.TEXT_PITCH_ALIGNMENT_VIEWPORT, com.mapbox.mapboxsdk.style.layers.Property.TEXT_PITCH_ALIGNMENT_AUTO}" />
    </annotation>
  </item>
  <item name="com.mapbox.mapboxsdk.style.layers.PropertyFactory com.mapbox.mapboxsdk.style.layers.PropertyValue&lt;java.lang.String&gt; textRotationAlignment(java.lang.String) 0">
    <annotation name="androidx.annotation.StringDef">
      <val name="value" val="{com.mapbox.mapboxsdk.style.layers.Property.TEXT_ROTATION_ALIGNMENT_MAP, com.mapbox.mapboxsdk.style.layers.Property.TEXT_ROTATION_ALIGNMENT_VIEWPORT, com.mapbox.mapboxsdk.style.layers.Property.TEXT_ROTATION_ALIGNMENT_AUTO}" />
    </annotation>
  </item>
  <item name="com.mapbox.mapboxsdk.style.layers.PropertyFactory com.mapbox.mapboxsdk.style.layers.PropertyValue&lt;java.lang.String&gt; textTransform(java.lang.String) 0">
    <annotation name="androidx.annotation.StringDef">
      <val name="value" val="{com.mapbox.mapboxsdk.style.layers.Property.TEXT_TRANSFORM_NONE, com.mapbox.mapboxsdk.style.layers.Property.TEXT_TRANSFORM_UPPERCASE, com.mapbox.mapboxsdk.style.layers.Property.TEXT_TRANSFORM_LOWERCASE}" />
    </annotation>
  </item>
  <item name="com.mapbox.mapboxsdk.style.layers.PropertyFactory com.mapbox.mapboxsdk.style.layers.PropertyValue&lt;java.lang.String&gt; textTranslateAnchor(java.lang.String) 0">
    <annotation name="androidx.annotation.StringDef">
      <val name="value" val="{com.mapbox.mapboxsdk.style.layers.Property.TEXT_TRANSLATE_ANCHOR_MAP, com.mapbox.mapboxsdk.style.layers.Property.TEXT_TRANSLATE_ANCHOR_VIEWPORT}" />
    </annotation>
  </item>
  <item name="com.mapbox.mapboxsdk.style.layers.PropertyFactory com.mapbox.mapboxsdk.style.layers.PropertyValue&lt;java.lang.String&gt; visibility(java.lang.String) 0">
    <annotation name="androidx.annotation.StringDef">
      <val name="value" val="{com.mapbox.mapboxsdk.style.layers.Property.VISIBLE, com.mapbox.mapboxsdk.style.layers.Property.NONE}" />
    </annotation>
  </item>
</root>

